Type,Name,Request Count,Failure Count,Median Response Time,Average Response Time,Min Response Time,Max Response Time,Average Content Size,Requests/s,Failures/s,50%,66%,75%,80%,90%,95%,98%,99%,99.9%,99.99%,100%
GET,Cenário 1: Imagem 1MB,2521,52,53,100.5821314799701,2.4590570000100342,1402.3622150000392,29885.875446251488,21.081103354952937,0.43483434131596693,53,72,88,100,210,390,630,850,1300,1400,1400
GET,Cenário 2: Texto 400kb,2567,48,87,170.0812686630311,2.3582390000456144,2653.382058000034,443172.2641215427,21.465764503040138,0.4013855458301233,87,110,140,170,310,560,1300,1700,2400,2700,2700
GET,Cenário 3: Imagem 300kb,2545,45,52,97.72643345854621,2.642136999952527,1380.4829130001508,30022.422396856582,21.281796127867995,0.3762989492157406,52,69,86,100,190,380,640,780,1100,1400,1400
,Aggregated,7633,145,65,123.0027437797726,2.3582390000456144,2653.382058000034,168920.81213153413,63.82866398586107,1.2125188363618309,65,85,110,130,240,430,800,1100,2200,2700,2700
